;par_length_x;par_length_c;par_angle_x;par_angle_c;par_orientation_x;par_orientation_c
var_length;0.00151087929622;0.00307593942987;0.0209484955631;0.0190882544679;-0.0087332784877;0.0281445351132
var_angle;0.0200817239281;-0.000409312497586;0.00850526786062;0.00102221836963;-0.00073979880801;0.00286934645709
var_orientation;0.00257637663063;0.0721725283535;-0.00283353322719;0.105663927557;-0.00812729757853;0.110508496545
