;length;angle
length;3.23574307873e-05;0.000296701974952
angle;3.12159117922e-07;8.02320121222e-06
orientation;2.61132511252e-05;-0.000339509397562
