{
    "markers": [
        {
            "marker": {
                "pose": {
                    "position": {
                        "y": -0.8611764142888576,
                        "x": 4.454277602333808,
                        "z": 0.0
                    },
                    "orientation": {
                        "y": 0.0,
                        "x": 0.0,
                        "z": -0.46883429489077433,
                        "w": 0.8832861393310043
                    }
                },
                "ids": [
                    1
                ],
                "ids_confidence": [
                    1.0
                ]
            },
            "covariance": [
                0.0017374567866431548,
                0.006164075163907575,
                0.0,
                0.0,
                0.0,
                4.674497826323582e-06,
                0.006164075163907575,
                0.023917003806727465,
                0.0,
                0.0,
                0.0,
                1.8031885742732954e-05,
                0.0,
                0.0,
                0.0,
                0.0,
                0.0,
                0.0,
                0.0,
                0.0,
                0.0,
                0.0,
                0.0,
                0.0,
                0.0,
                0.0,
                0.0,
                0.0,
                0.0,
                0.0,
                4.674497826323582e-06,
                1.8031885742732954e-05,
                0.0,
                0.0,
                0.0,
                1.580306223954472e-05
            ]
        },
        {
            "marker": {
                "pose": {
                    "position": {
                        "y": 1.8020788507872716,
                        "x": 0.7052360377461384,
                        "z": 0.0
                    },
                    "orientation": {
                        "y": 0.0,
                        "x": 0.0,
                        "z": -0.8748639149710443,
                        "w": 0.4843687957347556
                    }
                },
                "ids": [
                    2
                ],
                "ids_confidence": [
                    1.0
                ]
            },
            "covariance": [
                0.0030296325001948846,
                -0.001191577865630997,
                0.0,
                0.0,
                0.0,
                -0.0002149374954316613,
                -0.001191577865630997,
                0.0037675964665665274,
                0.0,
                0.0,
                0.0,
                0.00017831443800117878,
                0.0,
                0.0,
                0.0,
                0.0,
                0.0,
                0.0,
                0.0,
                0.0,
                0.0,
                0.0,
                0.0,
                0.0,
                0.0,
                0.0,
                0.0,
                0.0,
                0.0,
                0.0,
                -0.0002149374954316613,
                0.00017831443800117878,
                0.0,
                0.0,
                0.0,
                0.00029947823695456415
            ]
        },
        {
            "marker": {
                "pose": {
                    "position": {
                        "y": 4.63943783368985,
                        "x": -4.0538682543803235,
                        "z": 0.0
                    },
                    "orientation": {
                        "y": 0.0,
                        "x": 0.0,
                        "z": -0.6942254343500093,
                        "w": 0.7197576302489199
                    }
                },
                "ids": [
                    3
                ],
                "ids_confidence": [
                    1.0
                ]
            },
            "covariance": [
                0.005713623359508445,
                0.005661559473028192,
                0.0,
                0.0,
                0.0,
                -0.000584779978667206,
                0.005661559473028192,
                0.011586511012746952,
                0.0,
                0.0,
                0.0,
                -0.0009241725972418708,
                0.0,
                0.0,
                0.0,
                0.0,
                0.0,
                0.0,
                0.0,
                0.0,
                0.0,
                0.0,
                0.0,
                0.0,
                0.0,
                0.0,
                0.0,
                0.0,
                0.0,
                0.0,
                -0.000584779978667206,
                -0.0009241725972418708,
                0.0,
                0.0,
                0.0,
                0.00036962302734120143
            ]
        },
        {
            "marker": {
                "pose": {
                    "position": {
                        "y": 1.1079989483658008,
                        "x": -6.0389187921976974,
                        "z": 0.0
                    },
                    "orientation": {
                        "y": 0.0,
                        "x": 0.0,
                        "z": -0.3958800282924318,
                        "w": 0.9183022395699487
                    }
                },
                "ids": [
                    4
                ],
                "ids_confidence": [
                    1.0
                ]
            },
            "covariance": [
                0.006284921674386076,
                0.007043954766190299,
                0.0,
                0.0,
                0.0,
                -7.847386048562788e-05,
                0.007043954766190299,
                0.026066678456496413,
                0.0,
                0.0,
                0.0,
                -0.0006048043131234865,
                0.0,
                0.0,
                0.0,
                0.0,
                0.0,
                0.0,
                0.0,
                0.0,
                0.0,
                0.0,
                0.0,
                0.0,
                0.0,
                0.0,
                0.0,
                0.0,
                0.0,
                0.0,
                -7.847386048562788e-05,
                -0.0006048043131234865,
                0.0,
                0.0,
                0.0,
                0.0006674228951992071
            ]
        },
        {
            "marker": {
                "pose": {
                    "position": {
                        "y": 6.569096038854303,
                        "x": -0.9557014451619402,
                        "z": 0.0
                    },
                    "orientation": {
                        "y": 0.0,
                        "x": 0.0,
                        "z": 0.02131403571885002,
                        "w": 0.9997728301376146
                    }
                },
                "ids": [
                    5
                ],
                "ids_confidence": [
                    1.0
                ]
            },